{
    "ANFA22": 0.001042,
    "ANFA37": 0.0010585,
    "Helium": 1.786e-07,
    "IRFNA-III": 0.001564,
    "Nitrogen": 1.251e-06,
    "LqdOxygen": 0.001141,
    "RP-1": 0.000807
}