{
    "ANFA22": 0.001042,
    "ANFA37": 0.0010585,
    "IRFNA-III": 0.001564,
    "Nitrogen": 1.251e-06,
    "Helium": 0.0000001786
}